event_id,step_id,title_override,body_text,use_custom_visual_state,visual_state,on_enter_interaction_ids,default_next_step_id,condition_stat_1,condition_min_1,condition_max_1,condition_stat_2,condition_min_2,condition_max_2,conditional_next_step_id,conditional_fallback_step_id
event_week_001_excursion_garden_direct_default,step_event_week_001_excursion_garden_direct_default,정원 허가,,false,Neutral,,,,,,,,,,
event_week_001_excursion_garden_blocked,step_event_week_001_excursion_garden_blocked,,,false,Neutral,,,,,,,,,,
event_week_002_excursion_garden_direct_default,step_event_week_002_excursion_garden_direct_default,정원 허가,,false,Neutral,,,,,,,,,,
event_week_002_excursion_garden_direct_curious,step_event_week_002_excursion_garden_direct_curious,정원 허가-호기심,,false,Neutral,,,,,,,,,,
event_week_002_excursion_garden_direct_innocent,step_event_week_002_excursion_garden_direct_innocent,정원 허가-순진,,false,Neutral,,,,,,,,,,
event_week_002_excursion_garden_blocked,step_event_week_002_excursion_garden_blocked,,,false,Neutral,,,,,,,,,,
event_week_003_excursion_garden_direct_default,step_event_week_003_excursion_garden_direct_default,정원 허가,,false,Neutral,,,,,,,,,,
event_week_003_excursion_garden_direct_curious,step_event_week_003_excursion_garden_direct_curious,정원 허가-호기심,,false,Neutral,,,,,,,,,,
event_week_003_excursion_garden_direct_cautious,step_event_week_003_excursion_garden_direct_cautious,정원 허가-신중,,false,Neutral,,,,,,,,,,
event_week_003_excursion_garden_blocked,step_event_week_003_excursion_garden_blocked,,,false,Neutral,,,,,,,,,,
event_week_004_excursion_garden_direct_default,step_event_week_004_excursion_garden_direct_default,정원 허가,,false,Neutral,,,,,,,,,,
event_week_004_excursion_garden_direct_clever,step_event_week_004_excursion_garden_direct_clever,정원 허가-영민,,false,Neutral,,,,,,,,,,
event_week_004_excursion_garden_direct_innocent,step_event_week_004_excursion_garden_direct_innocent,정원 허가-순진,,false,Neutral,,,,,,,,,,
event_week_004_excursion_garden_blocked,step_event_week_004_excursion_garden_blocked,,,false,Neutral,,,,,,,,,,
event_week_005_excursion_garden_direct_default,step_event_week_005_excursion_garden_direct_default,정원 허가,,false,Neutral,,,,,,,,,,
event_week_005_excursion_garden_direct_cautious,step_event_week_005_excursion_garden_direct_cautious,정원 허가-신중,,false,Neutral,,,,,,,,,,
event_week_005_excursion_garden_direct_anxious,step_event_week_005_excursion_garden_direct_anxious,정원 허가-불안,,false,Neutral,,,,,,,,,,
event_week_005_excursion_garden_blocked,step_event_week_005_excursion_garden_blocked,,,false,Neutral,,,,,,,,,,
event_week_006_excursion_garden_direct_default,step_event_week_006_excursion_garden_direct_default,정원 허가,,false,Neutral,,,,,,,,,,
event_week_006_excursion_garden_direct_clever,step_event_week_006_excursion_garden_direct_clever,정원 허가-영민,,false,Neutral,,,,,,,,,,
event_week_006_excursion_garden_direct_defiant,step_event_week_006_excursion_garden_direct_defiant,정원 허가-반항,,false,Neutral,,,,,,,,,,
event_week_006_excursion_garden_blocked,step_event_week_006_excursion_garden_blocked,,,false,Neutral,,,,,,,,,,
event_week_007_excursion_garden_direct_default,step_event_week_007_excursion_garden_direct_default,정원 허가,,false,Neutral,,,,,,,,,,
event_week_007_excursion_garden_direct_stable,step_event_week_007_excursion_garden_direct_stable,정원 허가-안정,,false,Neutral,,,,,,,,,,
event_week_007_excursion_garden_direct_cautious,step_event_week_007_excursion_garden_direct_cautious,정원 허가-신중,,false,Neutral,,,,,,,,,,
event_week_007_excursion_garden_blocked,step_event_week_007_excursion_garden_blocked,,,false,Neutral,,,,,,,,,,
event_week_008_excursion_garden_direct_default,step_event_week_008_excursion_garden_direct_default,정원 허가,,false,Neutral,,,,,,,,,,
event_week_008_excursion_garden_direct_curious,step_event_week_008_excursion_garden_direct_curious,정원 허가-호기심,,false,Neutral,,,,,,,,,,
event_week_008_excursion_garden_direct_anxious,step_event_week_008_excursion_garden_direct_anxious,정원 허가-불안,,false,Neutral,,,,,,,,,,
event_week_008_excursion_garden_blocked,step_event_week_008_excursion_garden_blocked,,,false,Neutral,,,,,,,,,,
event_week_009_excursion_garden_direct_default,step_event_week_009_excursion_garden_direct_default,정원 허가,,false,Neutral,,,,,,,,,,
event_week_009_excursion_garden_direct_stable,step_event_week_009_excursion_garden_direct_stable,정원 허가-안정,,false,Neutral,,,,,,,,,,
event_week_009_excursion_garden_direct_cautious,step_event_week_009_excursion_garden_direct_cautious,정원 허가-신중,,false,Neutral,,,,,,,,,,
event_week_009_excursion_garden_blocked,step_event_week_009_excursion_garden_blocked,,,false,Neutral,,,,,,,,,,
event_week_001_excursion_basement_direct_default,step_event_week_001_excursion_basement_direct_default,,,false,Neutral,,,,,,,,,,
event_week_001_excursion_basement_blocked,step_event_week_001_excursion_basement_blocked,,,false,Neutral,,,,,,,,,,
event_week_002_excursion_basement_direct_default,step_event_week_002_excursion_basement_direct_default,,,false,Neutral,,,,,,,,,,
event_week_002_excursion_basement_direct_curious,step_event_week_002_excursion_basement_direct_curious,,,false,Neutral,,,,,,,,,,
event_week_002_excursion_basement_direct_cautious,step_event_week_002_excursion_basement_direct_cautious,,,false,Neutral,,,,,,,,,,
event_week_002_excursion_basement_blocked,step_event_week_002_excursion_basement_blocked,,,false,Neutral,,,,,,,,,,
event_week_003_excursion_basement_direct_default,step_event_week_003_excursion_basement_direct_default,,,false,Neutral,,,,,,,,,,
event_week_003_excursion_basement_direct_curious,step_event_week_003_excursion_basement_direct_curious,,,false,Neutral,,,,,,,,,,
event_week_003_excursion_basement_direct_anxious,step_event_week_003_excursion_basement_direct_anxious,,,false,Neutral,,,,,,,,,,
event_week_003_excursion_basement_blocked,step_event_week_003_excursion_basement_blocked,,,false,Neutral,,,,,,,,,,
event_week_004_excursion_basement_direct_default,step_event_week_004_excursion_basement_direct_default,,,false,Neutral,,,,,,,,,,
event_week_004_excursion_basement_direct_curious,step_event_week_004_excursion_basement_direct_curious,,,false,Neutral,,,,,,,,,,
event_week_004_excursion_basement_direct_cautious,step_event_week_004_excursion_basement_direct_cautious,,,false,Neutral,,,,,,,,,,
event_week_004_excursion_basement_blocked,step_event_week_004_excursion_basement_blocked,,,false,Neutral,,,,,,,,,,
event_week_005_excursion_basement_direct_default,step_event_week_005_excursion_basement_direct_default,,,false,Neutral,,,,,,,,,,
event_week_005_excursion_basement_direct_curious,step_event_week_005_excursion_basement_direct_curious,,,false,Neutral,,,,,,,,,,
event_week_005_excursion_basement_direct_anxious,step_event_week_005_excursion_basement_direct_anxious,,,false,Neutral,,,,,,,,,,
event_week_005_excursion_basement_blocked,step_event_week_005_excursion_basement_blocked,,,false,Neutral,,,,,,,,,,
event_week_006_excursion_basement_direct_default,step_event_week_006_excursion_basement_direct_default,,,false,Neutral,,,,,,,,,,
event_week_006_excursion_basement_direct_innocent,step_event_week_006_excursion_basement_direct_innocent,,,false,Neutral,,,,,,,,,,
event_week_006_excursion_basement_direct_clever,step_event_week_006_excursion_basement_direct_clever,,,false,Neutral,,,,,,,,,,
event_week_006_excursion_basement_blocked,step_event_week_006_excursion_basement_blocked,,,false,Neutral,,,,,,,,,,
event_week_007_excursion_basement_direct_default,step_event_week_007_excursion_basement_direct_default,,,false,Neutral,,,,,,,,,,
event_week_007_excursion_basement_direct_cautious,step_event_week_007_excursion_basement_direct_cautious,,,false,Neutral,,,,,,,,,,
event_week_007_excursion_basement_direct_anxious,step_event_week_007_excursion_basement_direct_anxious,,,false,Neutral,,,,,,,,,,
event_week_007_excursion_basement_blocked,step_event_week_007_excursion_basement_blocked,,,false,Neutral,,,,,,,,,,
event_week_008_excursion_basement_direct_default,step_event_week_008_excursion_basement_direct_default,,,false,Neutral,,,,,,,,,,
event_week_008_excursion_basement_direct_innocent,step_event_week_008_excursion_basement_direct_innocent,,,false,Neutral,,,,,,,,,,
event_week_008_excursion_basement_direct_cautious,step_event_week_008_excursion_basement_direct_cautious,,,false,Neutral,,,,,,,,,,
event_week_008_excursion_basement_blocked,step_event_week_008_excursion_basement_blocked,,,false,Neutral,,,,,,,,,,
event_week_009_excursion_basement_direct_default,step_event_week_009_excursion_basement_direct_default,,,false,Neutral,,,,,,,,,,
event_week_009_excursion_basement_direct_stable,step_event_week_009_excursion_basement_direct_stable,,,false,Neutral,,,,,,,,,,
event_week_009_excursion_basement_direct_anxious,step_event_week_009_excursion_basement_direct_anxious,,,false,Neutral,,,,,,,,,,
event_week_009_excursion_basement_blocked,step_event_week_009_excursion_basement_blocked,,,false,Neutral,,,,,,,,,,
event_week_001_excursion_forest_direct_default,step_event_week_001_excursion_forest_direct_default,,,false,Neutral,,,,,,,,,,
event_week_001_excursion_forest_blocked,step_event_week_001_excursion_forest_blocked,,,false,Neutral,,,,,,,,,,
event_week_002_excursion_forest_direct_default,step_event_week_002_excursion_forest_direct_default,,,false,Neutral,,,,,,,,,,
event_week_002_excursion_forest_direct_curious,step_event_week_002_excursion_forest_direct_curious,,,false,Neutral,,,,,,,,,,
event_week_002_excursion_forest_direct_compliant,step_event_week_002_excursion_forest_direct_compliant,,,false,Neutral,,,,,,,,,,
event_week_002_excursion_forest_blocked,step_event_week_002_excursion_forest_blocked,,,false,Neutral,,,,,,,,,,
event_week_003_excursion_forest_direct_default,step_event_week_003_excursion_forest_direct_default,,,false,Neutral,,,,,,,,,,
event_week_003_excursion_forest_direct_clever,step_event_week_003_excursion_forest_direct_clever,,,false,Neutral,,,,,,,,,,
event_week_003_excursion_forest_direct_curious,step_event_week_003_excursion_forest_direct_curious,,,false,Neutral,,,,,,,,,,
event_week_003_excursion_forest_blocked,step_event_week_003_excursion_forest_blocked,,,false,Neutral,,,,,,,,,,
event_week_004_excursion_forest_direct_default,step_event_week_004_excursion_forest_direct_default,,,false,Neutral,,,,,,,,,,
event_week_004_excursion_forest_direct_clever,step_event_week_004_excursion_forest_direct_clever,,,false,Neutral,,,,,,,,,,
event_week_004_excursion_forest_direct_anxious,step_event_week_004_excursion_forest_direct_anxious,,,false,Neutral,,,,,,,,,,
event_week_004_excursion_forest_blocked,step_event_week_004_excursion_forest_blocked,,,false,Neutral,,,,,,,,,,
event_week_005_excursion_forest_direct_default,step_event_week_005_excursion_forest_direct_default,,,false,Neutral,,,,,,,,,,
event_week_005_excursion_forest_direct_innocent,step_event_week_005_excursion_forest_direct_innocent,,,false,Neutral,,,,,,,,,,
event_week_005_excursion_forest_direct_anxious,step_event_week_005_excursion_forest_direct_anxious,,,false,Neutral,,,,,,,,,,
event_week_005_excursion_forest_blocked,step_event_week_005_excursion_forest_blocked,,,false,Neutral,,,,,,,,,,
event_week_006_excursion_forest_direct_default,step_event_week_006_excursion_forest_direct_default,,,false,Neutral,,,,,,,,,,
event_week_006_excursion_forest_direct_clever,step_event_week_006_excursion_forest_direct_clever,,,false,Neutral,,,,,,,,,,
event_week_006_excursion_forest_direct_defiant,step_event_week_006_excursion_forest_direct_defiant,,,false,Neutral,,,,,,,,,,
event_week_006_excursion_forest_blocked,step_event_week_006_excursion_forest_blocked,,,false,Neutral,,,,,,,,,,
event_week_007_excursion_forest_direct_default,step_event_week_007_excursion_forest_direct_default,,,false,Neutral,,,,,,,,,,
event_week_007_excursion_forest_direct_clever,step_event_week_007_excursion_forest_direct_clever,,,false,Neutral,,,,,,,,,,
event_week_007_excursion_forest_direct_curious,step_event_week_007_excursion_forest_direct_curious,,,false,Neutral,,,,,,,,,,
event_week_007_excursion_forest_blocked,step_event_week_007_excursion_forest_blocked,,,false,Neutral,,,,,,,,,,
event_week_008_excursion_forest_direct_default,step_event_week_008_excursion_forest_direct_default,,,false,Neutral,,,,,,,,,,
event_week_008_excursion_forest_direct_clever,step_event_week_008_excursion_forest_direct_clever,,,false,Neutral,,,,,,,,,,
event_week_008_excursion_forest_direct_anxious,step_event_week_008_excursion_forest_direct_anxious,,,false,Neutral,,,,,,,,,,
event_week_008_excursion_forest_blocked,step_event_week_008_excursion_forest_blocked,,,false,Neutral,,,,,,,,,,
event_week_009_excursion_forest_direct_default,step_event_week_009_excursion_forest_direct_default,,,false,Neutral,,,,,,,,,,
event_week_009_excursion_forest_direct_clever,step_event_week_009_excursion_forest_direct_clever,,,false,Neutral,,,,,,,,,,
event_week_009_excursion_forest_direct_innocent,step_event_week_009_excursion_forest_direct_innocent,,,false,Neutral,,,,,,,,,,
event_week_009_excursion_forest_blocked,step_event_week_009_excursion_forest_blocked,,,false,Neutral,,,,,,,,,,
event_week_001_excursion_library_direct_default,step_event_week_001_excursion_library_direct_default,,,false,Neutral,,,,,,,,,,
event_week_001_excursion_library_blocked,step_event_week_001_excursion_library_blocked,,,false,Neutral,,,,,,,,,,
event_week_002_excursion_library_direct_default,step_event_week_002_excursion_library_direct_default,,,false,Neutral,,,,,,,,,,
event_week_002_excursion_library_direct_curious,step_event_week_002_excursion_library_direct_curious,,,false,Neutral,,,,,,,,,,
event_week_002_excursion_library_direct_anxious,step_event_week_002_excursion_library_direct_anxious,,,false,Neutral,,,,,,,,,,
event_week_002_excursion_library_blocked,step_event_week_002_excursion_library_blocked,,,false,Neutral,,,,,,,,,,
event_week_003_excursion_library_direct_default,step_event_week_003_excursion_library_direct_default,,,false,Neutral,,,,,,,,,,
event_week_003_excursion_library_direct_cautious,step_event_week_003_excursion_library_direct_cautious,,,false,Neutral,,,,,,,,,,
event_week_003_excursion_library_direct_innocent,step_event_week_003_excursion_library_direct_innocent,,,false,Neutral,,,,,,,,,,
event_week_003_excursion_library_blocked,step_event_week_003_excursion_library_blocked,,,false,Neutral,,,,,,,,,,
event_week_004_excursion_library_direct_default,step_event_week_004_excursion_library_direct_default,,,false,Neutral,,,,,,,,,,
event_week_004_excursion_library_direct_clever,step_event_week_004_excursion_library_direct_clever,,,false,Neutral,,,,,,,,,,
event_week_004_excursion_library_direct_curious,step_event_week_004_excursion_library_direct_curious,,,false,Neutral,,,,,,,,,,
event_week_004_excursion_library_blocked,step_event_week_004_excursion_library_blocked,,,false,Neutral,,,,,,,,,,
event_week_005_excursion_library_direct_default,step_event_week_005_excursion_library_direct_default,,,false,Neutral,,,,,,,,,,
event_week_005_excursion_library_direct_clever,step_event_week_005_excursion_library_direct_clever,,,false,Neutral,,,,,,,,,,
event_week_005_excursion_library_direct_innocent,step_event_week_005_excursion_library_direct_innocent,,,false,Neutral,,,,,,,,,,
event_week_005_excursion_library_blocked,step_event_week_005_excursion_library_blocked,,,false,Neutral,,,,,,,,,,
event_week_006_excursion_library_direct_default,step_event_week_006_excursion_library_direct_default,,,false,Neutral,,,,,,,,,,
event_week_006_excursion_library_direct_clever,step_event_week_006_excursion_library_direct_clever,,,false,Neutral,,,,,,,,,,
event_week_006_excursion_library_direct_cautious,step_event_week_006_excursion_library_direct_cautious,,,false,Neutral,,,,,,,,,,
event_week_006_excursion_library_blocked,step_event_week_006_excursion_library_blocked,,,false,Neutral,,,,,,,,,,
event_week_007_excursion_library_direct_default,step_event_week_007_excursion_library_direct_default,,,false,Neutral,,,,,,,,,,
event_week_007_excursion_library_direct_clever,step_event_week_007_excursion_library_direct_clever,,,false,Neutral,,,,,,,,,,
event_week_007_excursion_library_direct_anxious,step_event_week_007_excursion_library_direct_anxious,,,false,Neutral,,,,,,,,,,
event_week_007_excursion_library_blocked,step_event_week_007_excursion_library_blocked,,,false,Neutral,,,,,,,,,,
event_week_008_excursion_library_direct_default,step_event_week_008_excursion_library_direct_default,,,false,Neutral,,,,,,,,,,
event_week_008_excursion_library_direct_curious,step_event_week_008_excursion_library_direct_curious,,,false,Neutral,,,,,,,,,,
event_week_008_excursion_library_direct_anxious,step_event_week_008_excursion_library_direct_anxious,,,false,Neutral,,,,,,,,,,
event_week_008_excursion_library_blocked,step_event_week_008_excursion_library_blocked,,,false,Neutral,,,,,,,,,,
event_week_009_excursion_library_direct_default,step_event_week_009_excursion_library_direct_default,,,false,Neutral,,,,,,,,,,
event_week_009_excursion_library_direct_stable,step_event_week_009_excursion_library_direct_stable,,,false,Neutral,,,,,,,,,,
event_week_009_excursion_library_direct_anxious,step_event_week_009_excursion_library_direct_anxious,,,false,Neutral,,,,,,,,,,
event_week_009_excursion_library_blocked,step_event_week_009_excursion_library_blocked,,,false,Neutral,,,,,,,,,,
event_week_001_rian,step_event_week_001_rian,,,false,Neutral,,,,,,,,,,
event_week_002_rian_0,step_event_week_002_rian_0,,,false,Neutral,,,,,,,,,,
event_week_002_rian_1,step_event_week_002_rian_1,,,false,Neutral,,,,,,,,,,
event_week_003_rian_0,step_event_week_003_rian_0,,,false,Neutral,,,,,,,,,,
event_week_003_rian_1,step_event_week_003_rian_1,,,false,Neutral,,,,,,,,,,
event_week_004_rian_0,step_event_week_004_rian_0,,,false,Neutral,,,,,,,,,,
event_week_004_rian_1,step_event_week_004_rian_1,,,false,Neutral,,,,,,,,,,
event_week_004_rian_2,step_event_week_004_rian_2,,,false,Neutral,,,,,,,,,,
event_week_005_rian_0,step_event_week_005_rian_0,,,false,Neutral,,,,,,,,,,
event_week_005_rian_1,step_event_week_005_rian_1,,,false,Neutral,,,,,,,,,,
event_week_005_rian_2,step_event_week_005_rian_2,,,false,Neutral,,,,,,,,,,
event_week_006_rian_0,step_event_week_006_rian_0,,,false,Neutral,,,,,,,,,,
event_week_006_rian_1,step_event_week_006_rian_1,,,false,Neutral,,,,,,,,,,
event_week_006_rian_2,step_event_week_006_rian_2,,,false,Neutral,,,,,,,,,,
event_week_006_rian_3,step_event_week_006_rian_3,,,false,Neutral,,,,,,,,,,
event_week_007_rian_0,step_event_week_007_rian_0,,,false,Neutral,,,,,,,,,,
event_week_007_rian_1,step_event_week_007_rian_1,,,false,Neutral,,,,,,,,,,
event_week_007_rian_2,step_event_week_007_rian_2,,,false,Neutral,,,,,,,,,,
event_week_007_rian_3,step_event_week_007_rian_3,,,false,Neutral,,,,,,,,,,
event_week_007_rian_4,step_event_week_007_rian_4,,,false,Neutral,,,,,,,,,,
event_week_008_rian_0,step_event_week_008_rian_0,,,false,Neutral,,,,,,,,,,
event_week_008_rian_1,step_event_week_008_rian_1,,,false,Neutral,,,,,,,,,,
event_week_008_rian_2,step_event_week_008_rian_2,,,false,Neutral,,,,,,,,,,
event_week_008_rian_3,step_event_week_008_rian_3,,,false,Neutral,,,,,,,,,,
event_week_008_rian_4,step_event_week_008_rian_4,,,false,Neutral,,,,,,,,,,
event_week_009_rian_0,step_event_week_009_rian_0,,,false,Neutral,,,,,,,,,,
event_week_009_rian_1,step_event_week_009_rian_1,,,false,Neutral,,,,,,,,,,
event_week_009_rian_2,step_event_week_009_rian_2,,,false,Neutral,,,,,,,,,,
event_week_009_rian_3,step_event_week_009_rian_3,,,false,Neutral,,,,,,,,,,
event_week_009_rian_4,step_event_week_009_rian_4,,,false,Neutral,,,,,,,,,,
event_week_001_max,step_event_week_001_max,,,false,Neutral,,,,,,,,,,
event_week_002_max_0,step_event_week_002_max_0,,,false,Neutral,,,,,,,,,,
event_week_002_max_1,step_event_week_002_max_1,,,false,Neutral,,,,,,,,,,
event_week_003_max_0,step_event_week_003_max_0,,,false,Neutral,,,,,,,,,,
event_week_003_max_1,step_event_week_003_max_1,,,false,Neutral,,,,,,,,,,
event_week_003_max_2,step_event_week_003_max_2,,,false,Neutral,,,,,,,,,,
event_week_004_max_0,step_event_week_004_max_0,,,false,Neutral,,,,,,,,,,
event_week_004_max_1,step_event_week_004_max_1,,,false,Neutral,,,,,,,,,,
event_week_004_max_2,step_event_week_004_max_2,,,false,Neutral,,,,,,,,,,
event_week_005_max_0,step_event_week_005_max_0,,,false,Neutral,,,,,,,,,,
event_week_005_max_1,step_event_week_005_max_1,,,false,Neutral,,,,,,,,,,
event_week_005_max_2,step_event_week_005_max_2,,,false,Neutral,,,,,,,,,,
event_week_006_max_0,step_event_week_006_max_0,,,false,Neutral,,,,,,,,,,
event_week_006_max_1,step_event_week_006_max_1,,,false,Neutral,,,,,,,,,,
event_week_006_max_2,step_event_week_006_max_2,,,false,Neutral,,,,,,,,,,
event_week_006_max_3,step_event_week_006_max_3,,,false,Neutral,,,,,,,,,,
event_week_007_max_0,step_event_week_007_max_0,,,false,Neutral,,,,,,,,,,
event_week_007_max_1,step_event_week_007_max_1,,,false,Neutral,,,,,,,,,,
event_week_007_max_2,step_event_week_007_max_2,,,false,Neutral,,,,,,,,,,
event_week_007_max_3,step_event_week_007_max_3,,,false,Neutral,,,,,,,,,,
event_week_007_max_4,step_event_week_007_max_4,,,false,Neutral,,,,,,,,,,
event_week_008_max_0,step_event_week_008_max_0,,,false,Neutral,,,,,,,,,,
event_week_008_max_1,step_event_week_008_max_1,,,false,Neutral,,,,,,,,,,
event_week_008_max_2,step_event_week_008_max_2,,,false,Neutral,,,,,,,,,,
event_week_008_max_3,step_event_week_008_max_3,,,false,Neutral,,,,,,,,,,
event_week_008_max_4,step_event_week_008_max_4,,,false,Neutral,,,,,,,,,,
event_week_009_max_0,step_event_week_009_max_0,,,false,Neutral,,,,,,,,,,
event_week_009_max_1,step_event_week_009_max_1,,,false,Neutral,,,,,,,,,,
event_week_009_max_2,step_event_week_009_max_2,,,false,Neutral,,,,,,,,,,
event_week_009_max_3,step_event_week_009_max_3,,,false,Neutral,,,,,,,,,,
event_week_009_max_4,step_event_week_009_max_4,,,false,Neutral,,,,,,,,,,
event_week_001_millia,step_event_week_001_millia,,,false,Neutral,,,,,,,,,,
event_week_002_millia_0,step_event_week_002_millia_0,,,false,Neutral,,,,,,,,,,
event_week_002_millia_1,step_event_week_002_millia_1,,,false,Neutral,,,,,,,,,,
event_week_003_millia_0,step_event_week_003_millia_0,,,false,Neutral,,,,,,,,,,
event_week_003_millia_1,step_event_week_003_millia_1,,,false,Neutral,,,,,,,,,,
event_week_003_millia_2,step_event_week_003_millia_2,,,false,Neutral,,,,,,,,,,
event_week_004_millia_0,step_event_week_004_millia_0,,,false,Neutral,,,,,,,,,,
event_week_004_millia_1,step_event_week_004_millia_1,,,false,Neutral,,,,,,,,,,
event_week_004_millia_2,step_event_week_004_millia_2,,,false,Neutral,,,,,,,,,,
event_week_005_millia_0,step_event_week_005_millia_0,,,false,Neutral,,,,,,,,,,
event_week_005_millia_1,step_event_week_005_millia_1,,,false,Neutral,,,,,,,,,,
event_week_005_millia_3,step_event_week_005_millia_3,,,false,Neutral,,,,,,,,,,
event_week_006_millia_0,step_event_week_006_millia_0,,,false,Neutral,,,,,,,,,,
event_week_006_millia_1,step_event_week_006_millia_1,,,false,Neutral,,,,,,,,,,
event_week_006_millia_3,step_event_week_006_millia_3,,,false,Neutral,,,,,,,,,,
event_week_007_millia_0,step_event_week_007_millia_0,,,false,Neutral,,,,,,,,,,
event_week_007_millia_1,step_event_week_007_millia_1,,,false,Neutral,,,,,,,,,,
event_week_007_millia_2,step_event_week_007_millia_2,,,false,Neutral,,,,,,,,,,
event_week_007_millia_4,step_event_week_007_millia_4,,,false,Neutral,,,,,,,,,,
event_week_008_millia_0,step_event_week_008_millia_0,,,false,Neutral,,,,,,,,,,
event_week_008_millia_1,step_event_week_008_millia_1,,,false,Neutral,,,,,,,,,,
event_week_008_millia_3,step_event_week_008_millia_3,,,false,Neutral,,,,,,,,,,
event_week_009_millia_0,step_event_week_009_millia_0,,,false,Neutral,,,,,,,,,,
event_week_009_millia_1,step_event_week_009_millia_1,,,false,Neutral,,,,,,,,,,
event_week_009_millia_2,step_event_week_009_millia_2,,,false,Neutral,,,,,,,,,,
event_week_009_millia_3,step_event_week_009_millia_3,,,false,Neutral,,,,,,,,,,
event_week_009_millia_4,step_event_week_009_millia_4,,,false,Neutral,,,,,,,,,,
event_week_001_yuffie,step_event_week_001_yuffie,,,false,Neutral,,,,,,,,,,
event_week_002_yuffie_0,step_event_week_002_yuffie_0,,,false,Neutral,,,,,,,,,,
event_week_002_yuffie_1,step_event_week_002_yuffie_1,,,false,Neutral,,,,,,,,,,
event_week_003_yuffie_0,step_event_week_003_yuffie_0,,,false,Neutral,,,,,,,,,,
event_week_003_yuffie_1,step_event_week_003_yuffie_1,,,false,Neutral,,,,,,,,,,
event_week_003_yuffie_2,step_event_week_003_yuffie_2,,,false,Neutral,,,,,,,,,,
event_week_004_yuffie_0,step_event_week_004_yuffie_0,,,false,Neutral,,,,,,,,,,
event_week_004_yuffie_1,step_event_week_004_yuffie_1,,,false,Neutral,,,,,,,,,,
event_week_004_yuffie_2,step_event_week_004_yuffie_2,,,false,Neutral,,,,,,,,,,
event_week_005_yuffie_0,step_event_week_005_yuffie_0,,,false,Neutral,,,,,,,,,,
event_week_005_yuffie_2,step_event_week_005_yuffie_2,,,false,Neutral,,,,,,,,,,
event_week_005_yuffie_3,step_event_week_005_yuffie_3,,,false,Neutral,,,,,,,,,,
event_week_006_yuffie_0,step_event_week_006_yuffie_0,,,false,Neutral,,,,,,,,,,
event_week_006_yuffie_2,step_event_week_006_yuffie_2,,,false,Neutral,,,,,,,,,,
event_week_007_yuffie_0,step_event_week_007_yuffie_0,,,false,Neutral,,,,,,,,,,
event_week_007_yuffie_1,step_event_week_007_yuffie_1,,,false,Neutral,,,,,,,,,,
event_week_007_yuffie_2,step_event_week_007_yuffie_2,,,false,Neutral,,,,,,,,,,
event_week_007_yuffie_4,step_event_week_007_yuffie_4,,,false,Neutral,,,,,,,,,,
event_week_008_yuffie_0,step_event_week_008_yuffie_0,,,false,Neutral,,,,,,,,,,
event_week_008_yuffie_1,step_event_week_008_yuffie_1,,,false,Neutral,,,,,,,,,,
event_week_008_yuffie_2,step_event_week_008_yuffie_2,,,false,Neutral,,,,,,,,,,
event_week_008_yuffie_4,step_event_week_008_yuffie_4,,,false,Neutral,,,,,,,,,,
event_week_009_yuffie_0,step_event_week_009_yuffie_0,,,false,Neutral,,,,,,,,,,
event_week_009_yuffie_1,step_event_week_009_yuffie_1,,,false,Neutral,,,,,,,,,,
event_week_009_yuffie_2,step_event_week_009_yuffie_2,,,false,Neutral,,,,,,,,,,
event_week_009_yuffie_3,step_event_week_009_yuffie_3,,,false,Neutral,,,,,,,,,,
event_week_009_yuffie_4,step_event_week_009_yuffie_4,,,false,Neutral,,,,,,,,,,
event_week_001_night_dark_room,step_event_week_001_night_dark_room_intro,어두운 방,,false,Neutral,,,,,,,,,,
event_week_001_night_dark_room,step_event_week_001_night_dark_room_outro,,,false,Neutral,,,,,,,,,,
event_week_001_night_parents,step_event_week_001_night_parents_intro,엄마 아빠,,false,Neutral,,,,,,,,,,
event_week_001_night_parents,step_event_week_001_night_parents_outro,,,false,Neutral,,,,,,,,,,
event_week_002_night_mother_resemblance,step_event_week_002_night_mother_resemblance_intro,어머니를 닮았다는 말,,false,Neutral,,,,,,,,,,
event_week_002_night_mother_resemblance,step_event_week_002_night_mother_resemblance_outro,,,false,Neutral,,,,,,,,,,
event_week_002_night_tea_party,step_event_week_002_night_tea_party_intro,다과회 자리,,false,Neutral,,,,,,,,,,
event_week_002_night_tea_party,step_event_week_002_night_tea_party_outro,,,false,Neutral,,,,,,,,,,
event_week_003_night_father_book,step_event_week_003_night_father_book_intro,책장에 손이 닿은 날,,false,Neutral,,,,,,,,,,
event_week_003_night_father_book,step_event_week_003_night_father_book_outro,,,false,Neutral,,,,,,,,,,
event_week_003_night_carriage_crest,step_event_week_003_night_carriage_crest_intro,마차에 새겨진 문장,,false,Neutral,,,,,,,,,,
event_week_003_night_carriage_crest,step_event_week_003_night_carriage_crest_outro,,,false,Neutral,,,,,,,,,,
event_week_004_night_other_kids,step_event_week_004_night_other_kids_intro,다른 집 아이들,,false,Neutral,,,,,,,,,,
event_week_004_night_other_kids,step_event_week_004_night_other_kids_outro,,,false,Neutral,,,,,,,,,,
event_week_004_night_uncle_pride,step_event_week_004_night_uncle_pride_intro,삼촌의 자리,,false,Neutral,,,,,,,,,,
event_week_004_night_uncle_pride,step_event_week_004_night_uncle_pride_outro,,,false,Neutral,,,,,,,,,,
event_week_005_night_too_many_classes,step_event_week_005_night_too_many_classes_intro,늘어난 수업,,false,Neutral,,,,,,,,,,
event_week_005_night_too_many_classes,step_event_week_005_night_too_many_classes_outro,,,false,Neutral,,,,,,,,,,
event_week_005_night_unknown_frustration,step_event_week_005_night_unknown_frustration_intro,이름 모를 답답함,,false,Neutral,,,,,,,,,,
event_week_005_night_unknown_frustration,step_event_week_005_night_unknown_frustration_outro,,,false,Neutral,,,,,,,,,,
event_week_006_night_ball_thoughts,step_event_week_006_night_ball_thoughts_intro,본 사람들과 보인 자기,,false,Neutral,,,,,,,,,,
event_week_006_night_ball_thoughts,step_event_week_006_night_ball_thoughts_outro,,,false,Neutral,,,,,,,,,,
event_week_006_night_chicken_dream,step_event_week_006_night_chicken_dream_intro,같은 꿈,,false,Neutral,,,,,,,,,,
event_week_006_night_chicken_dream,step_event_week_006_night_chicken_dream_outro,,,false,Neutral,,,,,,,,,,
event_week_007_night_untold_story,step_event_week_007_night_untold_story_intro,아무도 말해주지 않은 것,,false,Neutral,,,,,,,,,,
event_week_007_night_untold_story,step_event_week_007_night_untold_story_outro,,,false,Neutral,,,,,,,,,,
event_week_007_night_unknown_mother,step_event_week_007_night_unknown_mother_intro,모르는 어머니,,false,Neutral,,,,,,,,,,
event_week_007_night_unknown_mother,step_event_week_007_night_unknown_mother_outro,,,false,Neutral,,,,,,,,,,
event_week_008_night_uncle_time,step_event_week_008_night_uncle_time_intro,삼촌이라는 사람의 시간,,false,Neutral,,,,,,,,,,
event_week_008_night_uncle_time,step_event_week_008_night_uncle_time_outro,,,false,Neutral,,,,,,,,,,
event_week_008_night_sleepless_night,step_event_week_008_night_sleepless_night_intro,잠이 오지 않는 밤,,false,Neutral,,,,,,,,,,
event_week_008_night_sleepless_night,step_event_week_008_night_sleepless_night_outro,,,false,Neutral,,,,,,,,,,
story_teaparty,step_teaparty_intro,,,false,Neutral,,step_teaparty_rian_check,,,,,,,,
story_teaparty,step_teaparty_rian_check,,,false,Neutral,,,Curiosity,1,,Rian,1,,step_teaparty_rian_success,step_teaparty_rian_fail
story_teaparty,step_teaparty_rian_success,,,false,Neutral,curious_plus_1|stable_plus_1,step_teaparty_yuffie_check,,,,,,,,
story_teaparty,step_teaparty_rian_fail,,,false,Neutral,,step_teaparty_yuffie_check,,,,,,,,
story_teaparty,step_teaparty_yuffie_check,,,false,Neutral,,,Trust,1,,Yuffie,1,,step_teaparty_yuffie_success,step_teaparty_yuffie_fail
story_teaparty,step_teaparty_yuffie_success,,,false,Neutral,innocent_plus_1|cautious_plus_1,step_teaparty_max_check,,,,,,,,
story_teaparty,step_teaparty_yuffie_fail,,,false,Neutral,,step_teaparty_max_check,,,,,,,,
story_teaparty,step_teaparty_max_check,,,false,Neutral,,,Anxiety,,-1,Max,1,,step_teaparty_max_success,step_teaparty_max_fail
story_teaparty,step_teaparty_max_success,,,false,Neutral,stable_plus_1|defiant_plus_1,step_teaparty_millia_check,,,,,,,,
story_teaparty,step_teaparty_max_fail,,,false,Neutral,,step_teaparty_millia_check,,,,,,,,
story_teaparty,step_teaparty_millia_check,,,false,Neutral,,,Trust,,-1,Millia,1,,step_teaparty_millia_success,step_teaparty_millia_fail
story_teaparty,step_teaparty_millia_success,,,false,Neutral,clever_plus_1|curious_plus_1,step_teaparty_outro,,,,,,,,
story_teaparty,step_teaparty_millia_fail,,,false,Neutral,,step_teaparty_outro,,,,,,,,
story_teaparty,step_teaparty_outro,,,false,Neutral,,,,,,,,,,
story_festival_street,step_festival_street_intro,,,false,Neutral,,step_festival_street_rian_check,,,,,,,,
story_festival_street,step_festival_street_rian_check,,,false,Neutral,,,Curiosity,2,,Rian,2,,step_festival_street_rian_success,step_festival_street_rian_fail
story_festival_street,step_festival_street_rian_success,,,false,Neutral,curious_plus_1|defiant_plus_1,step_festival_street_max_check,,,,,,,,
story_festival_street,step_festival_street_rian_fail,,,false,Neutral,,step_festival_street_max_check,,,,,,,,
story_festival_street,step_festival_street_max_check,,,false,Neutral,,,Anxiety,,-2,Max,2,,step_festival_street_max_success,step_festival_street_max_fail
story_festival_street,step_festival_street_max_success,,,false,Neutral,stable_plus_1|compliant_plus_1,step_festival_street_yuffie_check,,,,,,,,
story_festival_street,step_festival_street_max_fail,,,false,Neutral,,step_festival_street_yuffie_check,,,,,,,,
story_festival_street,step_festival_street_yuffie_check,,,false,Neutral,,,Trust,2,,Yuffie,2,,step_festival_street_yuffie_success,step_festival_street_yuffie_fail
story_festival_street,step_festival_street_yuffie_success,,,false,Neutral,innocent_plus_1|anxious_plus_1,step_festival_street_millia_check,,,,,,,,
story_festival_street,step_festival_street_yuffie_fail,,,false,Neutral,,step_festival_street_millia_check,,,,,,,,
story_festival_street,step_festival_street_millia_check,,,false,Neutral,,,Trust,,-2,Millia,2,,step_festival_street_millia_success,step_festival_street_millia_fail
story_festival_street,step_festival_street_millia_success,,,false,Neutral,clever_plus_1|cautious_plus_1,step_festival_street_outro,,,,,,,,
story_festival_street,step_festival_street_millia_fail,,,false,Neutral,,step_festival_street_outro,,,,,,,,
story_festival_street,step_festival_street_outro,,,false,Neutral,,,,,,,,,,
story_imperial_ball,step_imperial_ball_intro,,,false,Neutral,,step_imperial_ball_rian_check,,,,,,,,
story_imperial_ball,step_imperial_ball_rian_check,,,false,Neutral,,,Curiosity,3,,Rian,4,,step_imperial_ball_rian_success,step_imperial_ball_rian_fail
story_imperial_ball,step_imperial_ball_rian_success,,,false,Neutral,curious_plus_1|defiant_plus_1,step_imperial_ball_yuffie_check,,,,,,,,
story_imperial_ball,step_imperial_ball_rian_fail,,,false,Neutral,,step_imperial_ball_yuffie_check,,,,,,,,
story_imperial_ball,step_imperial_ball_yuffie_check,,,false,Neutral,,,Anxiety,3,,Yuffie,4,,step_imperial_ball_yuffie_success,step_imperial_ball_yuffie_fail
story_imperial_ball,step_imperial_ball_yuffie_success,,,false,Neutral,anxious_plus_1|cautious_plus_1,step_imperial_ball_max_check,,,,,,,,
story_imperial_ball,step_imperial_ball_yuffie_fail,,,false,Neutral,,step_imperial_ball_max_check,,,,,,,,
story_imperial_ball,step_imperial_ball_max_check,,,false,Neutral,,,Anxiety,,-3,Max,4,,step_imperial_ball_max_success,step_imperial_ball_max_fail
story_imperial_ball,step_imperial_ball_max_success,,,false,Neutral,stable_plus_1|compliant_plus_1,step_imperial_ball_millia_check,,,,,,,,
story_imperial_ball,step_imperial_ball_max_fail,,,false,Neutral,,step_imperial_ball_millia_check,,,,,,,,
story_imperial_ball,step_imperial_ball_millia_check,,,false,Neutral,,,Trust,,-3,Millia,4,,step_imperial_ball_millia_success,step_imperial_ball_millia_fail
story_imperial_ball,step_imperial_ball_millia_success,,,false,Neutral,clever_plus_1|cautious_plus_1,step_imperial_ball_outro,,,,,,,,
story_imperial_ball,step_imperial_ball_millia_fail,,,false,Neutral,,step_imperial_ball_outro,,,,,,,,
story_imperial_ball,step_imperial_ball_outro,,,false,Neutral,,,,,,,,,,
story_eve_celebration,step_eve_celebration_intro,,,false,Neutral,,step_eve_celebration_rian_check,,,,,,,,
story_eve_celebration,step_eve_celebration_rian_check,,,false,Neutral,,,Curiosity,4,,Rian,5,,step_eve_celebration_rian_success,step_eve_celebration_rian_fail
story_eve_celebration,step_eve_celebration_rian_success,,,false,Neutral,curious_plus_1|defiant_plus_1,step_eve_celebration_max_check,,,,,,,,
story_eve_celebration,step_eve_celebration_rian_fail,,,false,Neutral,,step_eve_celebration_max_check,,,,,,,,
story_eve_celebration,step_eve_celebration_max_check,,,false,Neutral,,,Anxiety,,-4,Max,5,,step_eve_celebration_max_success,step_eve_celebration_max_fail
story_eve_celebration,step_eve_celebration_max_success,,,false,Neutral,stable_plus_1|compliant_plus_1,step_eve_celebration_millia_check,,,,,,,,
story_eve_celebration,step_eve_celebration_max_fail,,,false,Neutral,,step_eve_celebration_millia_check,,,,,,,,
story_eve_celebration,step_eve_celebration_millia_check,,,false,Neutral,,,Trust,,-4,Millia,5,,step_eve_celebration_millia_success,step_eve_celebration_millia_fail
story_eve_celebration,step_eve_celebration_millia_success,,,false,Neutral,clever_plus_1|cautious_plus_1,step_eve_celebration_yuffie_check,,,,,,,,
story_eve_celebration,step_eve_celebration_millia_fail,,,false,Neutral,,step_eve_celebration_yuffie_check,,,,,,,,
story_eve_celebration,step_eve_celebration_yuffie_check,,,false,Neutral,,,Anxiety,4,,Yuffie,5,,step_eve_celebration_yuffie_success,step_eve_celebration_yuffie_fail
story_eve_celebration,step_eve_celebration_yuffie_success,,,false,Neutral,anxious_plus_1|innocent_plus_1,step_eve_celebration_outro,,,,,,,,
story_eve_celebration,step_eve_celebration_yuffie_fail,,,false,Neutral,,step_eve_celebration_outro,,,,,,,,
story_eve_celebration,step_eve_celebration_outro,,,false,Neutral,,,,,,,,,,
story_inheritance_ceremony,step_inheritance_ceremony_intro,,,false,Neutral,,step_inheritance_ceremony_rian_check,,,,,,,,
story_inheritance_ceremony,step_inheritance_ceremony_rian_check,,,false,Neutral,,,Anxiety,,-5,Rian,7,,step_inheritance_ceremony_rian_success,step_inheritance_ceremony_rian_fail
story_inheritance_ceremony,step_inheritance_ceremony_rian_success,,,false,Neutral,,step_inheritance_ceremony_max_check,,,,,,,,
story_inheritance_ceremony,step_inheritance_ceremony_rian_fail,,,false,Neutral,,step_inheritance_ceremony_max_check,,,,,,,,
story_inheritance_ceremony,step_inheritance_ceremony_max_check,,,false,Neutral,,,Obedience,,-5,Max,7,,step_inheritance_ceremony_max_success,step_inheritance_ceremony_max_fail
story_inheritance_ceremony,step_inheritance_ceremony_max_success,,,false,Neutral,,step_inheritance_ceremony_millia_check,,,,,,,,
story_inheritance_ceremony,step_inheritance_ceremony_max_fail,,,false,Neutral,,step_inheritance_ceremony_millia_check,,,,,,,,
story_inheritance_ceremony,step_inheritance_ceremony_millia_check,,,false,Neutral,,,Trust,,-5,Millia,7,,step_inheritance_ceremony_millia_success,step_inheritance_ceremony_millia_fail
story_inheritance_ceremony,step_inheritance_ceremony_millia_success,,,false,Neutral,,step_inheritance_ceremony_yuffie_check,,,,,,,,
story_inheritance_ceremony,step_inheritance_ceremony_millia_fail,,,false,Neutral,,step_inheritance_ceremony_yuffie_check,,,,,,,,
story_inheritance_ceremony,step_inheritance_ceremony_yuffie_check,,,false,Neutral,,,Curiosity,,-5,Yuffie,7,,step_inheritance_ceremony_yuffie_success,step_inheritance_ceremony_yuffie_fail
story_inheritance_ceremony,step_inheritance_ceremony_yuffie_success,,,false,Neutral,,step_inheritance_ceremony_outro,,,,,,,,
story_inheritance_ceremony,step_inheritance_ceremony_yuffie_fail,,,false,Neutral,,step_inheritance_ceremony_outro,,,,,,,,
story_inheritance_ceremony,step_inheritance_ceremony_outro,,,false,Neutral,,,,,,,,,,
story_inheritance_alone,step_inheritance_alone_intro,,,false,Neutral,,,,,,,,,,
story_prologue,step_prologue_gate,프롤로그,,false,Neutral,,step_prologue_corridor,,,,,,,,
story_prologue,step_prologue_corridor,,,false,Neutral,,step_prologue_brother_room,,,,,,,,
story_prologue,step_prologue_brother_room,,,false,Neutral,,step_prologue_abelia_enters,,,,,,,,
story_prologue,step_prologue_abelia_enters,,,false,Neutral,,,,,,,,,,
story_prologue,step_prologue_after_choice,,,false,Neutral,,step_prologue_snow_room,,,,,,,,
story_prologue,step_prologue_snow_room,,,false,Neutral,,step_prologue_age_six,,,,,,,,
story_prologue,step_prologue_age_six,,,false,Neutral,,,,,,,,,,
